{"_runtime":22.319757445,"_step":2572,"_wandb":{"runtime":22},"loss_train":0.10357934236526489,"_timestamp":1.7332815393127673e+09}