{"_timestamp":1.7332817319641597e+09,"_runtime":21.599375721,"_step":2434,"_wandb":{"runtime":21},"loss_train":0.022101758047938347}